﻿{"cameraMode":{"drawMode":0,"name":"Shaded","section":"Shading Mode"},"sceneLighting":true,"audioPlay":false,"sceneViewState":{"showFog":true,"showMaterialUpdate":false,"showSkybox":true,"showFlares":true,"showImageEffects":true,"showParticleSystems":true},"in2DMode":false,"pivot":{"x":-7.454128265380859,"y":-88.27923583984375,"z":-210.82601928710938},"rotation":{"x":0.0201810821890831,"y":0.9571055769920349,"z":-0.2807307541370392,"w":0.06878940016031265},"size":366.7957458496094,"orthographic":false}